Title,Description,Start,Finish,Complete,Phase,Completion,Status,Priority,Requirement,ActualHours,EstimatedHours,HoursVariance,Progress,AssignedTo,TaskType,Path
Final Presentation,Final presentation of projection.,2026-04-15,2026-04-15,Not Started,5 - Presentations,2026-04-15,1 - Normal,1 - Low,,,0.00,0.00,0,Stephen Wilton,Milestone,sites/cis320/f2025/project7/Lists/Project Planner
Testing Phase Start,Official start of testing phase.,2026-03-20,2026-04-10,Not Started,3 - Testing,2026-03-20,1 - Normal,1 - Low,,,0.00,0.00,0,Stephen Wilton,Milestone,sites/cis320/f2025/project7/Lists/Project Planner
Testing Phase Ends,Official end of testing phase.,2026-04-10,2026-04-10,Not Started,3 - Testing,2026-04-10,1 - Normal,1 - Low,,,0.00,0.00,0,Stephen Wilton,Milestone,sites/cis320/f2025/project7/Lists/Project Planner
Final Test Plan Document,A Test Plan describes how software testing will be performed for an application. It defines how testers will execute the available Test Cases in order to validate that the system behaves correctly.,2026-04-09,2026-04-09,Completed,4 - Release,2026-04-09,2 - Medium,2 - Medium,,,,0.00,1,Stephen Wilton,Deliverable,sites/cis320/f2025/project7/Lists/Project Planner
Weekly Meeting 13,Weekly teams meeting.,2026-04-08,2026-04-08,Not Started,6 - Meetings,2026-04-08,1 - Normal,1 - Low,,,0.00,0.00,0,Stephen Wilton,Milestone,sites/cis320/f2025/project7/Lists/Project Planner
Testing for a Friend (Runa's Project),Testing project 8 (Runa's),2026-04-08,2026-04-08,Completed,3 - Testing,2026-04-08,2 - Medium,2 - Medium,,,,0.00,1,Stephen Wilton,Deliverable,sites/cis320/f2025/project7/Lists/Project Planner
Developer Time Budget Checkpoint 3,This checkpoint evaluates how accurately you are tracking developer time and how effectively you are managing schedule and progress against your original plan.,2026-04-08,2026-04-08,Completed,3 - Testing,2026-04-08,2 - Medium,2 - Medium,,,,0.00,,Stephen Wilton,Deliverable,sites/cis320/f2025/project7/Lists/Project Planner
Development Retrospective,"Now that you have completed the Testing Phase of your project, you are expected to evaluate your full development process.

A retrospective is not a summary of what you built. It is a critical reflection on what worked, what did not, and how your approach could improve.",2026-04-08,2026-04-08,Completed,4 - Release,2026-04-08,2 - Medium,2 - Medium,,,,0.00,1,Stephen Wilton,Deliverable,sites/cis320/f2025/project7/Lists/Project Planner
Testing Evidence Package,"The Testing Evidence Package represents proof that your application has been tested against its requirements. It demonstrates that you have executed test cases, recorded outcomes, and identified issues where applicable.",2026-04-07,2026-04-07,Completed,3 - Testing,2026-04-07,,,,,,0.00,1,Stephen Wilton,Deliverable,sites/cis320/f2025/project7/Lists/Project Planner
Weekly Meeting 12,Weekly teams meeting.,2026-04-01,2026-04-01,Completed,6 - Meetings,2026-04-01,1 - Normal,1 - Low,,,0.00,0.00,0,Stephen Wilton,Milestone,sites/cis320/f2025/project7/Lists/Project Planner
Testing (Vraj),Testing the game during classtime.,2026-04-01,2026-04-01,In Progress,3 - Testing,2026-04-01,2 - Medium,2 - Medium,,,,0.00,0,Vraj Patel,Task,sites/cis320/f2025/project7/Lists/Project Planner
Weekly Meeting 11,Weekly teams meeting.,2026-03-25,2026-03-25,Completed,6 - Meetings,2026-03-25,1 - Normal,1 - Low,,,0.00,0.00,0,Stephen Wilton,Milestone,sites/cis320/f2025/project7/Lists/Project Planner
Test Plan,A Test Plan describes how software testing will be performed for an application. It defines how testers will execute the available Test Cases in order to validate that the system behaves correctly.,2026-03-25,2026-03-25,Completed,3 - Testing,2026-03-25,2 - Medium,2 - Medium,,,,0.00,,Stephen Wilton,Deliverable,sites/cis320/f2025/project7/Lists/Project Planner
Development Phase Ends,Official end of the development phase.,2026-03-19,2026-03-19,Completed,2 - Development,2026-03-19,1 - Normal,1 - Low,,,0.00,0.00,0,Stephen Wilton,Milestone,sites/cis320/f2025/project7/Lists/Project Planner
Weekly Meeting 10,Weekly teams meeting.,2026-03-18,2026-03-18,Completed,6 - Meetings,2026-03-18,1 - Normal,1 - Low,,,0.00,0.00,0,Stephen Wilton,Milestone,sites/cis320/f2025/project7/Lists/Project Planner
Performance,Refine game settings to allow for stable performance and consistent 60 FPS.,2026-03-17,2026-03-17,Completed,2 - Development,2026-03-17,1 - Normal,1 - Low,Performance,,3.00,-3.00,0,Stephen Wilton,Task,sites/cis320/f2025/project7/Lists/Project Planner
Maintainability,Refine scripts to allow for more improvements and additions to the game.,2026-03-15,2026-03-15,Completed,2 - Development,2026-03-15,1 - Normal,1 - Low,Maintainability,,2.00,-2.00,1,Stephen Wilton,Task,sites/cis320/f2025/project7/Lists/Project Planner
"Audio, Feedback, & Cues",Implement placeholder audio for various actions.,2026-03-13,2026-03-13,Completed,2 - Development,2026-03-13,1 - Normal,1 - Low,"Audio, Feedback, & Cues",3.00,3.00,0.00,1,Stephen Wilton,Task,sites/cis320/f2025/project7/Lists/Project Planner
Weekly Meeting 9,Weekly teams meeting,2026-03-11,2026-03-11,Completed,6 - Meetings,2026-03-11,1 - Normal,1 - Low,,,0.00,0.00,1,Stephen Wilton,Milestone,sites/cis320/f2025/project7/Lists/Project Planner
Game Over Screen,"Game over screen allows you to view stats and start over, exit, or go to the main menu.",2026-03-11,2026-03-11,Completed,2 - Development,2026-03-11,1 - Normal,1 - Low,,0.50,0.50,0.00,1,Stephen Wilton,Task,sites/cis320/f2025/project7/Lists/Project Planner
Developer Time Budget Checkpoint,This checkpoint evaluates how accurately you are tracking developer time and how effectively you are managing schedule and progress against your original plan.,2026-03-11,2026-03-11,Completed,2 - Development,2026-03-11,2 - Medium,2 - Medium,,,,0.00,1,Stephen Wilton,Deliverable,sites/cis320/f2025/project7/Lists/Project Planner
Save / Load System,"Save a game to a JSON file and load from the JSON file. Information stored is just wave number, items, passives, or other simple information.",2026-03-10,2026-03-10,Completed,2 - Development,2026-03-10,2 - Medium,2 - Medium,Save / Load System,0.50,2.00,-1.50,1,Stephen Wilton,Task,sites/cis320/f2025/project7/Lists/Project Planner
Options Menu,Options menu added with ability to changed game features.,2026-03-08,2026-03-08,Completed,2 - Development,2026-03-08,1 - Normal,2 - Medium,Options Menu,0.50,2.00,-1.50,1,Stephen Wilton,Task,sites/cis320/f2025/project7/Lists/Project Planner
Title / Main Menu,Main menu added with improved functionality.,2026-03-07,2026-03-07,Completed,2 - Development,2026-03-07,1 - Normal,1 - Low,Title / Main Menu Screen,1.50,2.00,-0.50,1,Stephen Wilton,Task,sites/cis320/f2025/project7/Lists/Project Planner
HUD / UI,Heads up display refined for health and other systems.,2026-02-09,2026-03-05,Completed,2 - Development,2026-03-05,1 - Normal,1 - Low,HUD,2.00,2.00,0.00,1,Stephen Wilton,Task,sites/cis320/f2025/project7/Lists/Project Planner
Passives / Levelup,Includes statistics for player and unique / generic passives on levelup.,2026-02-02,2026-03-03,Completed,2 - Development,2026-03-03,3 - High,3 - High,Passive Abilities,9.00,4.00,5.00,1,Stephen Wilton,Task,sites/cis320/f2025/project7/Lists/Project Planner
Complex Enemy Variants,More enemy variants are added.,2026-03-01,2026-03-01,Completed,2 - Development,2026-03-01,2 - Medium,2 - Medium,Enemy Variants & AI,1.50,3.00,-1.50,1,Stephen Wilton,Task,sites/cis320/f2025/project7/Lists/Project Planner
Tooltips,Tooltips for shop items or other passive features.,2026-02-28,2026-02-28,Completed,2 - Development,2026-02-28,1 - Normal,1 - Low,Tooltip Descriptions,1.50,1.00,0.50,1,Stephen Wilton,Task,sites/cis320/f2025/project7/Lists/Project Planner
Wave Progression,Modifies enemy spawning to increase in quantity and type as wave number increases.,2026-02-28,2026-02-28,Completed,2 - Development,2026-02-28,2 - Medium,2 - Medium,,2.00,2.00,0.00,1,Stephen Wilton,Task,sites/cis320/f2025/project7/Lists/Project Planner
Shop System,In-between wave system is implemented.,2026-02-27,2026-02-27,Completed,2 - Development,2026-02-27,2 - Medium,2 - Medium,Shop System,13.00,4.00,9.00,1,Stephen Wilton,Task,sites/cis320/f2025/project7/Lists/Project Planner
Midterm Budget Forecast Report ,The Midterm Budget Forecast Report is not a summary of what you have completed. It is a prediction of what will happen between now and Final Submission.,2026-02-27,2026-02-27,Completed,2 - Development,2026-02-27,2 - Medium,2 - Medium,,,,0.00,1,Stephen Wilton,Deliverable,sites/cis320/f2025/project7/Lists/Project Planner
Weekly Meeting 7,Weekly teams meeting.,2026-02-26,2026-02-26,Completed,2 - Development,2026-02-26,1 - Normal,1 - Low,,,0.00,0.00,1,Stephen Wilton,Milestone,sites/cis320/f2025/project7/Lists/Project Planner
Midterm Presentation,Present project progress,2026-02-26,2026-02-26,Completed,5 - Presentations,2026-02-26,3 - High,3 - High,,,,0.00,1,Stephen Wilton,Milestone,sites/cis320/f2025/project7/Lists/Project Planner
Build Test Cases,Test cases are the primary mechanism used to validate that Requirements have been implemented correctly. They define expected system behaviour and provide objective evidence of progress.,2026-02-25,2026-02-25,Completed,2 - Development,2026-02-25,2 - Medium,2 - Medium,,,,0.00,1,Stephen Wilton,Deliverable,sites/cis320/f2025/project7/Lists/Project Planner
Currency ,Currency is dropped by enemies and accumulated by player.,2026-02-23,2026-02-23,Completed,2 - Development,2026-02-23,1 - Normal,1 - Low,Currency System,1.50,1.00,0.50,1,Stephen Wilton,Task,sites/cis320/f2025/project7/Lists/Project Planner
Weekly Meeting 6,Weekly teams meeting.,2026-02-19,2026-02-19,Completed,6 - Meetings,2026-02-19,1 - Normal,1 - Low,,,0.00,0.00,1,Stephen Wilton,Milestone,sites/cis320/f2025/project7/Lists/Project Planner
Experience and Orbs,Enemies drop orbs and player gains experience,2026-02-18,2026-02-18,Completed,2 - Development,2026-02-18,2 - Medium,2 - Medium,Experience / Orbs,2.00,3.00,-1.00,1,Stephen Wilton,Task,sites/cis320/f2025/project7/Lists/Project Planner
Ranged Weapons,Basic player ranged attacks.,2026-02-13,2026-02-17,Completed,2 - Development,2026-02-17,3 - High,3 - High,Player Projectile Attack,4.00,5.00,-1.00,1,Stephen Wilton,Task,sites/cis320/f2025/project7/Lists/Project Planner
Test Case Progress Checkpoint,Submit test cases for any work submitted to release list,2026-02-17,2026-02-17,Completed,2 - Development,2026-02-17,1 - Normal,1 - Low,,,,0.00,1,Stephen Wilton,Milestone,sites/cis320/f2025/project7/Lists/Project Planner
Pause Menu,Allow the game to freeze when you pause it.,2026-02-15,2026-02-15,Completed,2 - Development,2026-02-15,1 - Normal,1 - Low,Pause Menu,1.50,3.00,-1.50,1,Stephen Wilton,Task,sites/cis320/f2025/project7/Lists/Project Planner
Enemy Variants,More variants of enemy attack patterns and AI implemented.,2026-02-14,2026-02-14,Completed,2 - Development,2026-02-18,2 - Medium,2 - Medium,Enemy Variants & AI,3.00,8.00,-5.00,1,Stephen Wilton,Task,sites/cis320/f2025/project7/Lists/Project Planner
Enemy Spawning,Enemies spawn in as the wave progresses.,2026-02-14,2026-02-14,Completed,2 - Development,2026-02-14,2 - Medium,2 - Medium,Enemy Spawning,4.00,3.00,1.00,1,Stephen Wilton,Task,sites/cis320/f2025/project7/Lists/Project Planner
Weekly Meeting 5,Weekly teams meeting.,2026-02-12,2026-02-12,Completed,6 - Meetings,2026-02-12,1 - Normal,1 - Low,,,0.00,0.00,1,Stephen Wilton,Milestone,sites/cis320/f2025/project7/Lists/Project Planner
Invulnerability Frames,Invulnerability frames added during dash or certain other actions.,2026-02-12,2026-02-12,Completed,2 - Development,2026-02-12,1 - Normal,1 - Low,Invulnerability Frames,1.50,3.00,-1.50,1,Stephen Wilton,Task,sites/cis320/f2025/project7/Lists/Project Planner
Melee Attacks,Implement basic sword swipe melee attack,2026-02-07,2026-02-10,Completed,2 - Development,2026-02-07,3 - High,3 - High,Player Melee Attack,6.00,5.00,1.00,1,Stephen Wilton,Task,sites/cis320/f2025/project7/Lists/Project Planner
Player Health Bar,Health bar for players is implemented.,2026-02-01,2026-02-09,Completed,2 - Development,2026-02-05,1 - Normal,1 - Low,Health,0.50,2.00,-1.50,1,Stephen Wilton,Task,sites/cis320/f2025/project7/Lists/Project Planner
Enemy Health Bar,Enemy health bars above their model is implemented,2026-01-31,2026-02-09,Completed,2 - Development,2026-02-05,1 - Normal,1 - Low,Enemy Health Bars,0.50,2.00,-1.50,1,Stephen Wilton,Task,sites/cis320/f2025/project7/Lists/Project Planner
Basic Enemy Implementation,Basic Enemy AI with chase behaviour.,2026-01-30,2026-02-09,Completed,2 - Development,2026-02-09,2 - Medium,2 - Medium,Enemy Variants & AI,4.00,6.00,-2.00,1,Stephen Wilton,Task,sites/cis320/f2025/project7/Lists/Project Planner
Weekly Meeting 4,Weekly meeting.,2026-02-05,2026-02-05,Completed,6 - Meetings,2026-02-05,1 - Normal,2 - Medium,,,0.00,0.00,1,Stephen Wilton,Milestone,sites/cis320/f2025/project7/Lists/Project Planner
Complete Developer Time Budget Checkpoint,"Time estimates and actuals are reviewed for realism and accountability.
",2026-02-04,2026-02-04,Completed,2 - Development,2026-02-04,2 - Medium,2 - Medium,,,,0.00,1,Stephen Wilton,Milestone,sites/cis320/f2025/project7/Lists/Project Planner
Developer Time Budget Checkpoint,Planned and actual development time is evaluated for accuracy.,2026-02-04,2026-02-04,Completed,2 - Development,2026-02-04,2 - Medium,2 - Medium,,,,0.00,1,Stephen Wilton,Deliverable,sites/cis320/f2025/project7/Lists/Project Planner
Project Planner Hours Review,Logged hours are reviewed and updated in the project planner.,2026-02-04,2026-02-04,Completed,2 - Development,2026-02-04,1 - Normal,2 - Medium,,,,0.00,1,Stephen Wilton,Deliverable,sites/cis320/f2025/project7/Lists/Project Planner
Burndown Chart Validation,Progress trends are analyzed using a validated burndown chart.,2026-02-04,2026-02-04,Completed,2 - Development,2026-02-04,2 - Medium,2 - Medium,,,,0.00,1,Stephen Wilton,Deliverable,sites/cis320/f2025/project7/Lists/Project Planner
Player Dash,Implement dash button for player,2026-01-29,2026-02-02,Completed,2 - Development,2026-02-02,1 - Normal,2 - Medium,Dash / Evasive Move,2.00,3.00,-1.00,1,Stephen Wilton,Task,sites/cis320/f2025/project7/Lists/Project Planner
Environment / Arena,The floor and environment the player and enemies will navigate on is implemented.,2026-02-01,2026-02-01,Completed,2 - Development,2026-02-02,1 - Normal,2 - Medium,Environment,0.50,2.00,-1.50,1,Stephen Wilton,Task,sites/cis320/f2025/project7/Lists/Project Planner
Weekly Meeting 3,Weekly teams meeting,2026-01-29,2026-01-29,Completed,6 - Meetings,2026-01-29,2 - Medium,2 - Medium,,,0.00,0.00,1,Stephen Wilton,Milestone,sites/cis320/f2025/project7/Lists/Project Planner
Player Movement,Coding initial player movement,2026-01-24,2026-01-26,Completed,2 - Development,2026-01-26,2 - Medium,2 - Medium,Player Movement,5.00,8.00,-3.00,1,Stephen Wilton,Task,sites/cis320/f2025/project7/Lists/Project Planner
Weekly Meeting 2,Weekly teams meeting,2026-01-22,2026-01-22,Completed,6 - Meetings,2026-01-22,2 - Medium,2 - Medium,,,0.00,0.00,1,Stephen Wilton,Milestone,sites/cis320/f2025/project7/Lists/Project Planner
Environment Setup,"Setup environments for Godot, Sharepoint (added columns and lists), and Power BI.",2026-01-21,2026-01-21,Completed,2 - Development,2026-01-21,1 - Normal,1 - Low,,0.00,0.00,0.00,1,Stephen Wilton,Milestone,sites/cis320/f2025/project7/Lists/Project Planner
Complete Development Phase Initialization,"Development work has formally begun with tasks, estimates, and reporting in place.
",2026-01-17,2026-01-17,Completed,2 - Development,2026-01-17,2 - Medium,2 - Medium,,,,0.00,1,Stephen Wilton,Milestone,sites/cis320/f2025/project7/Lists/Project Planner
Initial Project Planner Population,"Development tasks, schedules, and responsibilities are entered into the planner.",2026-01-17,2026-01-17,Completed,2 - Development,2026-01-17,1 - Normal,2 - Medium,,,,0.00,1,Stephen Wilton,Deliverable,sites/cis320/f2025/project7/Lists/Project Planner
Complete Project Planning and Baseline Setup,"Project is fully structured, scoped, and ready for implementation.
",2026-01-16,2026-01-16,Completed,2 - Development,2026-01-16,1 - Normal,2 - Medium,,,,0.00,1,Stephen Wilton,Milestone,sites/cis320/f2025/project7/Lists/Project Planner
Requirements and Planner Setup,Initial project requirements and planning tools are created and organized.,2026-01-16,2026-01-16,Completed,2 - Development,2026-01-16,2 - Medium,2 - Medium,,,,0.00,1,Stephen Wilton,Deliverable,sites/cis320/f2025/project7/Lists/Project Planner
Project Plan Final,"A finalized project plan outlining scope, timeline, and resources is approved.",2026-01-16,2026-01-16,Completed,2 - Development,2026-01-16,2 - Medium,2 - Medium,,,,0.00,1,Stephen Wilton,Deliverable,sites/cis320/f2025/project7/Lists/Project Planner
Architecture and Data Model Confirmation,System structure and data relationships are reviewed and validated.,2026-01-16,2026-01-16,Completed,2 - Development,2026-01-16,2 - Medium,2 - Medium,,,,0.00,1,Stephen Wilton,Deliverable,sites/cis320/f2025/project7/Lists/Project Planner
Development Phase Begins,Official start of development phase,2026-01-13,2026-01-13,In Progress,2 - Development,2026-01-13,1 - Normal,2 - Medium,,,0.00,0.00,,Stephen Wilton,Milestone,sites/cis320/f2025/project7/Lists/Project Planner
,,,,,,,,,,,,,,,,
,,,,,,,,,,,,,,,,
,,,,,,,,,,,,,,,,
,,,,,,,,,,,,,,,,
,,,,,,,,,,,,,,,,
,,,,,,,,,,,,,,,,
,,,,,,,,,,,,,,,,
,,,,,,,,,,,,,,,,
,,,,,,,,,,,,,,,,
,,,,,,,,,,,,,,,,
,,,,,,,,,,,,,,,,
,,,,,,,,,,,,,,,,
,,,,,,,,,,,,,,,,
,,,,,,,,,,,,,,,,
,,,,,,,,,,,,,,,,
,,,,,,,,,,,,,,,,
,,,,,,,,,,,,,,,,
,,,,,,,,,,,,,,,,
,,,,,,,,,,,,,,,,
,,,,,,,,,,,,,,,,
,,,,,,,,,,,,,,,,
,,,,,,,,,,,,,,,,
,,,,,,,,,,,,,,,,
,,,,,,,,,,,,,,,,
,,,,,,,,,,,,,,,,
,,,,,,,,,,,,,,,,
,,,,,,,,,,,,,,,,
,,,,,,,,,,,,,,,,
,,,,,,,,,,,,,,,,
,,,,,,,,,,,,,,,,
,,,,,,,,,,,,,,,,
